Word,pos_ntlk,pos_category
whorehouse,NN,NOUN
pi,NN,NOUN
angus,NN,NOUN
vagina,NN,NOUN
anus,NN,NOUN
nemo,NN,NOUN
battleship,NN,NOUN
tampons,NNS,NOUN
madonna,NN,NOUN
threesome,NN,NOUN
prostitutes,NNS,NOUN
montgomery,NN,NOUN
hellhole,NN,NOUN
hooters,NNS,NOUN
gargoyles,NNS,NOUN
solomon,NN,NOUN
hemorrhaging,VBG,VERB
unicorn,JJ,ADJ
yahoo,NN,NOUN
potbelly,RB,ADV
wolverine,NN,NOUN
psst,NN,NOUN
heil,NN,NOUN
enema,NN,NOUN
baghdad,NN,NOUN
gps,NN,NOUN
woo,NN,NOUN
wetback,NN,NOUN
brainwashed,VBN,VERB
shh,NN,NOUN
lupus,NN,NOUN
boomerang,NN,NOUN
eisenhower,NN,NOUN
mannequin,NN,NOUN
bikini,NN,NOUN
coccyx,NN,NOUN
alzheimer,NN,NOUN
pussyfoot,NN,NOUN
diva,NN,NOUN
knuckleheads,NNS,NOUN
batman,NN,NOUN
lingerie,NN,NOUN
fatty,NN,NOUN
napa,NN,NOUN
manhattan,NN,NOUN
mastiff,NN,NOUN
dike,NN,NOUN
manufacturing,NN,NOUN
loony,NN,NOUN
straightjacket,NN,NOUN
exorcism,NN,NOUN
hoodie,NN,NOUN
concession,NN,NOUN
dominatrix,NN,NOUN
yen,NN,NOUN
gonzo,NN,NOUN
ketchup,NN,NOUN
superman,NN,NOUN
cavalry,NN,NOUN
weirdo,NN,NOUN
minnie,NN,NOUN
rehabilitation,NN,NOUN
guinea,NN,NOUN
broccoli,NN,NOUN
calzone,NN,NOUN
encyclopedia,NN,NOUN
lasagna,NN,NOUN
pineapple,NN,NOUN
underestimated,JJ,ADJ
barracks,NNS,NOUN
aussie,NN,NOUN
london,NN,NOUN
swingers,NNS,NOUN
mullet,NN,NOUN
contraceptives,NNS,NOUN
homer,NN,NOUN
hostess,NN,NOUN
flamingos,NNS,NOUN
counterfeit,NN,NOUN
affidavit,NN,NOUN
fatso,NN,NOUN
che,NN,NOUN
vulgar,NN,NOUN
daredevil,NN,NOUN
redheads,NNS,NOUN
cher,NN,NOUN
messiah,NN,NOUN
reindeer,NN,NOUN
shampoo,NN,NOUN
noir,NN,NOUN
pom,NN,NOUN
chihuahua,NN,NOUN
ufo,NN,NOUN
silva,NN,NOUN
lilo,NN,NOUN
groundwater,NN,NOUN
woolworth,NN,NOUN
ko,NN,NOUN
jailbird,NN,NOUN
hao,NN,NOUN
cesarean,NN,NOUN
savvy,NN,NOUN
oops,NNS,NOUN
firework,NN,NOUN
oversexed,NN,NOUN
haemoglobin,NN,NOUN
blueberries,NNS,NOUN
blitzkrieg,NN,NOUN
molesting,VBG,VERB
nirvana,NNS,NOUN
jewellery,NN,NOUN
beethoven,RB,ADV
thanksgiving,VBG,VERB
cairo,NN,NOUN
slingshot,NN,NOUN
neighborhoods,NNS,NOUN
headquarters,NNS,NOUN
forklift,NN,NOUN
hussy,NN,NOUN
euro,NN,NOUN
cuckoo,NN,NOUN
pluto,NN,NOUN
ballard,NN,NOUN
chrysanthemum,NN,NOUN
hercules,NNS,NOUN
promiscuous,JJ,ADJ
bonbon,NN,NOUN
crackerjack,NN,NOUN
cauliflower,NN,NOUN
honolulu,NN,NOUN
marrow,NN,NOUN
maya,NN,NOUN
binoculars,NNS,NOUN
bourbon,NN,NOUN
doorman,NN,NOUN
sylvia,NN,NOUN
cheerio,NN,NOUN
rhubarb,NN,NOUN
emily,RB,ADV
yo,NN,NOUN
mink,NN,NOUN
goodyear,NN,NOUN
aneurysm,NN,NOUN
antoinette,NN,NOUN
eggnog,NN,NOUN
philadelphia,NN,NOUN
lithium,NN,NOUN
chile,NN,NOUN
shalom,NN,NOUN
anonymous,JJ,ADJ
parliament,NN,NOUN
eiffel,NN,NOUN
hellcats,NNS,NOUN
atlanta,NN,NOUN
undergraduate,NN,NOUN
cowbell,NN,NOUN
ouija,NN,NOUN
ye,NN,NOUN
balls,NNS,NOUN
yoga,NN,NOUN
peebles,NNS,NOUN
tum,NN,NOUN
tango,NN,NOUN
embezzler,NN,NOUN
britannica,NN,NOUN
bombay,NN,NOUN
barbara,NN,NOUN
tithing,NN,NOUN
depot,NN,NOUN
niagara,NN,NOUN
brandy,NN,NOUN
zombies,NNS,NOUN
manifest,JJS,ADJ
mahjong,NN,NOUN
squirrels,NNS,NOUN
hoarding,VBG,VERB
hootenanny,NN,NOUN
barbecued,VBN,VERB
sweetie,NN,NOUN
mondo,NN,NOUN
woof,NN,NOUN
yang,NN,NOUN
piranha,NN,NOUN
ahoy,NN,NOUN
eden,NN,NOUN
kinky,NN,NOUN
chambermaid,NN,NOUN
picard,NN,NOUN
correspondence,NN,NOUN
tesla,NN,NOUN
crappy,JJ,ADJ
buttermilk,NN,NOUN
pope,NN,NOUN
salmon,NN,NOUN
pennsylvania,NN,NOUN
moolah,NN,NOUN
poe,NN,NOUN
hippopotamus,NN,NOUN
cosmopolitan,NN,NOUN
kai,NN,NOUN
chowder,NN,NOUN
lilies,NNS,NOUN
macbeth,NNS,NOUN
vogue,NN,NOUN
chastity,NN,NOUN
wong,NN,NOUN
uninterrupted,JJ,ADJ
argh,NN,NOUN
galileo,NN,NOUN
tomcats,NNS,NOUN
elvis,NN,NOUN
aw,NN,NOUN
beige,NN,NOUN
chandler,NN,NOUN
cellular,JJ,ADJ
lama,NN,NOUN
whiplash,NN,NOUN
boa,NN,NOUN
disco,NN,NOUN
amish,JJ,ADJ
sloth,NN,NOUN
garbage,NN,NOUN
kimchi,NNS,NOUN
newton,NN,NOUN
ogre,NN,NOUN
metaphysics,NNS,NOUN
avalanche,NN,NOUN
phoebe,NN,NOUN
wine,NN,NOUN
predecessors,NNS,NOUN
pancake,NN,NOUN
capone,NN,NOUN
weevils,NNS,NOUN
collateral,NN,NOUN
wc,NN,NOUN
hairspray,NN,NOUN
bogart,NN,NOUN
nihilist,NN,NOUN
coca,NN,NOUN
redcoat,NN,NOUN
shrapnel,NN,NOUN
abby,NN,NOUN
yak,NN,NOUN
coleslaw,NN,NOUN
lancelot,NN,NOUN
bloodshed,VBN,VERB
hispanic,JJ,ADJ
vocabulary,JJ,ADJ
blackmailer,NN,NOUN
albuquerque,NN,NOUN
mead,NN,NOUN
manchester,NN,NOUN
bisexuality,NN,NOUN
germany,NN,NOUN
aquarium,NN,NOUN
us,PRP,OTHER
intercourse,NN,NOUN
stella,NN,NOUN
dooley,NN,NOUN
crossroad,NN,NOUN
zeus,NN,NOUN
matilda,NN,NOUN
alaska,NN,NOUN
smokehouse,NN,NOUN
bananas,NNS,NOUN
centurion,NN,NOUN
sawyer,NN,NOUN
custodian,NN,NOUN
vatican,JJ,ADJ
bonsai,NN,NOUN
muchachos,NN,NOUN
font,NN,NOUN
martinis,NN,NOUN
casanova,NN,NOUN
dresden,NN,NOUN
thieves,NNS,NOUN
roughneck,NN,NOUN
ellen,NN,NOUN
griffin,NN,NOUN
rap,NN,NOUN
yin,NN,NOUN
eunuch,JJ,ADJ
backstroke,NN,NOUN
potassium,NN,NOUN
saliva,NN,NOUN
cooing,VBG,VERB
asbestos,NN,NOUN
bolivia,NN,NOUN
violin,NN,NOUN
oi,NN,NOUN
hue,NN,NOUN
jacksonville,NN,NOUN
argo,NN,NOUN
boar,NN,NOUN
skunks,NNS,NOUN
lynn,NN,NOUN
bidet,NN,NOUN
principal,NN,NOUN
jesse,NN,NOUN
penal,NN,NOUN
resin,NN,NOUN
hershey,NN,NOUN
aura,NN,NOUN
manpower,NN,NOUN
sarcophagus,NN,NOUN
saw,NN,NOUN
manila,NN,NOUN
nibble,JJ,ADJ
hormones,NNS,NOUN
fez,NN,NOUN
geneva,NN,NOUN
fleas,NNS,NOUN
prof,NN,NOUN
nicotine,NN,NOUN
mattress,NN,NOUN
grotesque,NN,NOUN
neurons,NNS,NOUN
casino,NN,NOUN
rosemary,NN,NOUN
firehouse,NN,NOUN
ants,NNS,NOUN
rosebud,NN,NOUN
moses,NNS,NOUN
fin,NN,NOUN
grapevine,NN,NOUN
nazareth,NNS,NOUN
thunderhead,NN,NOUN
france,NN,NOUN
pigskin,NN,NOUN
siblings,NNS,NOUN
greenhouse,NN,NOUN
blob,NN,NOUN
flu,NN,NOUN
foxhole,NN,NOUN
nancy,NN,NOUN
cereal,NN,NOUN
bejesus,NN,NOUN
matador,NN,NOUN
jugular,NN,NOUN
pandemonium,NN,NOUN
nato,NN,NOUN
merlin,NN,NOUN
dalmatians,NNS,NOUN
manny,NN,NOUN
beta,NN,NOUN
bingo,NN,NOUN
bughouse,NN,NOUN
hula,NN,NOUN
grim,NN,NOUN
cadaver,NN,NOUN
mercury,NN,NOUN
billionaire,NN,NOUN
christ,NN,NOUN
crackers,NNS,NOUN
yolk,NN,NOUN
beneficiary,NN,NOUN
ford,NN,NOUN
doom,NN,NOUN
umbrella,NN,NOUN
cheep,NN,NOUN
gator,NN,NOUN
hematoma,NN,NOUN
tokyo,NN,NOUN
snatch,NN,NOUN
fuhrer,NN,NOUN
peru,NN,NOUN
guru,NN,NOUN
buttercup,NN,NOUN
pigheaded,VBN,VERB
bookworm,NN,NOUN
shea,NN,NOUN
wang,NN,NOUN
vinny,NN,NOUN
ritz,NN,NOUN
wasp,NN,NOUN
schmuck,NN,NOUN
kong,NN,NOUN
cappella,NN,NOUN
goodbye,NN,NOUN
costa,NN,NOUN
war,NN,NOUN
burrowing,NN,NOUN
ladyship,NN,NOUN
troublemaker,NN,NOUN
paralegals,NNS,NOUN
arty,NN,NOUN
concussion,NN,NOUN
meatball,NN,NOUN
dashboard,NN,NOUN
maple,NN,NOUN
cartwheels,NNS,NOUN
colombo,NN,NOUN
bundy,NN,NOUN
crosswalk,NN,NOUN
colleen,NN,NOUN
ferris,NN,NOUN
myrtle,NN,NOUN
chunks,NNS,NOUN
colorblind,NN,NOUN
mothballs,NNS,NOUN
akron,NN,NOUN
brazil,NN,NOUN
curriculum,NN,NOUN
teeny,NN,NOUN
rah,NN,NOUN
sec,NN,NOUN
foothills,NNS,NOUN
polly,RB,ADV
doob,NN,NOUN
blueprint,NN,NOUN
balaclava,NN,NOUN
electronics,NNS,NOUN
caged,VBN,VERB
milan,NN,NOUN
unilaterally,RB,ADV
syracuse,NN,NOUN
proteins,NNS,NOUN
tennessee,NN,NOUN
homework,NN,NOUN
unholy,NN,NOUN
adults,NNS,NOUN
chang,NN,NOUN
pongo,NN,NOUN
cush,NN,NOUN
sparta,NN,NOUN
succotash,NN,NOUN
gnarly,RB,ADV
architect,NN,NOUN
bowels,NNS,NOUN
neurologist,NN,NOUN
chesapeake,NN,NOUN
weasels,NNS,NOUN
tummy,NN,NOUN
floppy,JJ,ADJ
rsvp,NN,NOUN
plumber,NN,NOUN
wino,NN,NOUN
whatever,WDT,OTHER
pretzel,NN,NOUN
tinsel,NN,NOUN
shareholders,NNS,NOUN
egg,NN,NOUN
smee,NN,NOUN
consequences,NNS,NOUN
sorority,NN,NOUN
nutcase,NN,NOUN
nausea,NN,NOUN
solarium,NN,NOUN
titanium,NN,NOUN
texas,NN,NOUN
census,NN,NOUN
rattlesnakes,NNS,NOUN
grapes,NNS,NOUN
september,NN,NOUN
hoot,NN,NOUN
muse,NN,NOUN
veterans,NNS,NOUN
unintelligent,NN,NOUN
daffy,NN,NOUN
sojourner,NN,NOUN
extramarital,NN,NOUN
octopus,NN,NOUN
depraved,VBN,VERB
sandy,NN,NOUN
blair,NN,NOUN
caw,NN,NOUN
thermite,NN,NOUN
bronx,NN,NOUN
hovercraft,NN,NOUN
barnaby,NN,NOUN
mulligan,NN,NOUN
portuguese,JJ,ADJ
olive,JJ,ADJ
credentials,NNS,NOUN
earth,NN,NOUN
oncology,NN,NOUN
storage,NN,NOUN
enchilada,NN,NOUN
sly,RB,ADV
televangelist,NN,NOUN
peyton,NN,NOUN
boudoirs,NNS,NOUN
viper,NN,NOUN
troops,NNS,NOUN
lionel,NN,NOUN
kangaroo,NN,NOUN
chess,NN,NOUN
slab,NN,NOUN
postcard,NN,NOUN
dud,NN,NOUN
classmates,NNS,NOUN
lang,NN,NOUN
mane,NN,NOUN
hopi,NN,NOUN
soldier,NN,NOUN
via,IN,OTHER
austria,NNS,NOUN
floorboard,NN,NOUN
saxophones,NNS,NOUN
redundant,NN,NOUN
morrow,NN,NOUN
intermediate,NN,NOUN
narcotics,NNS,NOUN
candlelight,NN,NOUN
riverfront,NN,NOUN
carousel,NN,NOUN
snipers,NNS,NOUN
jose,NN,NOUN
monastery,NN,NOUN
voicemail,NN,NOUN
bulletproof,NN,NOUN
aquinas,NNS,NOUN
thingy,NN,NOUN
ironwork,NN,NOUN
troopers,NNS,NOUN
fanfare,NN,NOUN
entertainment,NN,NOUN
rufus,NN,NOUN
potter,NN,NOUN
mae,NN,NOUN
mayhem,NN,NOUN
cayman,NN,NOUN
romero,NN,NOUN
cascades,NNS,NOUN
deadbeat,NN,NOUN
scurvy,NN,NOUN
inconsistent,NN,NOUN
sugarcoat,NN,NOUN
diplomacy,NN,NOUN
matrimony,NN,NOUN
scuttle,NN,NOUN
morbid,NN,NOUN
despicable,JJ,ADJ
brownstone,NN,NOUN
pigeon,NN,NOUN
castle,NN,NOUN
beavers,NNS,NOUN
doorstep,NN,NOUN
lighthearted,VBN,VERB
gracias,NN,NOUN
goggles,NNS,NOUN
irrelevant,NN,NOUN
spaniard,NN,NOUN
headmaster,NN,NOUN
snippy,JJ,ADJ
caramel,NN,NOUN
jerky,NN,NOUN
newport,NN,NOUN
hammer,NN,NOUN
mortgages,NNS,NOUN
delinquents,NNS,NOUN
rubens,NNS,NOUN
gail,NN,NOUN
muffins,NNS,NOUN
boogie,NN,NOUN
dust,NN,NOUN
lieutenant,NN,NOUN
vent,NN,NOUN
hummel,NN,NOUN
zoologist,NN,NOUN
enlightened,VBN,VERB
scabby,NN,NOUN
malay,NN,NOUN
cupid,NN,NOUN
rohan,NN,NOUN
feds,NNS,NOUN
jacob,NN,NOUN
phyllis,NN,NOUN
shotgun,NN,NOUN
salvador,NN,NOUN
lucid,NN,NOUN
timberline,NN,NOUN
ulcer,NN,NOUN
illinois,NN,NOUN
traitors,NNS,NOUN
wonky,NN,NOUN
cripple,NN,NOUN
birdman,NN,NOUN
sicily,RB,ADV
matt,NN,NOUN
an,DT,OTHER
varmint,NN,NOUN
eyebrows,NNS,NOUN
vet,NN,NOUN
research,NN,NOUN
joyriding,NN,NOUN
tuition,NN,NOUN
tubby,NN,NOUN
disorderly,RB,ADV
woody,NN,NOUN
bicep,NN,NOUN
shy,NN,NOUN
sunbeam,NN,NOUN
lurch,NN,NOUN
falk,NN,NOUN
showgirl,NN,NOUN
descent,NN,NOUN
peachy,NN,NOUN
sapphire,NN,NOUN
racetrack,NN,NOUN
jameson,NN,NOUN
patrick,NN,NOUN
canvass,NN,NOUN
toolbox,NN,NOUN
she,PRP,OTHER
gibberish,NN,NOUN
memo,NN,NOUN
accuracy,NN,NOUN
dogfight,NN,NOUN
griff,NN,NOUN
tangled,VBN,VERB
professionally,RB,ADV
odin,NN,NOUN
elbow,NN,NOUN
serrano,NN,NOUN
debt,NN,NOUN
immigrant,NN,NOUN
aft,NN,NOUN
cleaners,NNS,NOUN
polaroids,NNS,NOUN
hare,NN,NOUN
shorty,NN,NOUN
nimbus,NN,NOUN
gallup,NN,NOUN
straightaway,NN,NOUN
latte,NN,NOUN
shoulders,NNS,NOUN
speedo,NN,NOUN
wallet,NN,NOUN
talkie,NN,NOUN
anna,NN,NOUN
noon,NN,NOUN
aphrodite,NN,NOUN
sciatic,JJ,ADJ
tibet,NN,NOUN
barrelhouse,NN,NOUN
sigma,NN,NOUN
cesspool,NN,NOUN
ahab,NN,NOUN
galleria,NNS,NOUN
ivy,NN,NOUN
stomach,NN,NOUN
washington,NN,NOUN
holsters,NNS,NOUN
beryllium,NN,NOUN
hills,NNS,NOUN
cellar,NN,NOUN
gallery,NN,NOUN
vancouver,NN,NOUN
sloshed,VBN,VERB
dungeon,NN,NOUN
learnt,NN,NOUN
botswana,NN,NOUN
eclectic,JJ,ADJ
taiwan,NN,NOUN
drum,NN,NOUN
swiss,JJ,ADJ
indictment,NN,NOUN
spokane,NN,NOUN
distilled,VBN,VERB
spasm,NN,NOUN
cain,NN,NOUN
civilizations,NNS,NOUN
milly,RB,ADV
granite,NN,NOUN
edinburgh,NN,NOUN
misty,NN,NOUN
suburban,NN,NOUN
orangutan,NN,NOUN
bacchus,NN,NOUN
fresno,NN,NOUN
cokes,NNS,NOUN
hyperkalemia,NN,NOUN
summit,NN,NOUN
icky,NN,NOUN
anvils,NNS,NOUN
underage,NN,NOUN
moose,NN,NOUN
copper,NN,NOUN
beach,NN,NOUN
dank,NN,NOUN
puppy,JJ,ADJ
ventriloquist,NN,NOUN
quo,NN,NOUN
bots,NNS,NOUN
climax,NN,NOUN
denver,NN,NOUN
senators,NNS,NOUN
clown,NN,NOUN
streak,NN,NOUN
mars,NNS,NOUN
millard,NN,NOUN
laura,NN,NOUN
abigail,NN,NOUN
bonnet,NN,NOUN
reboot,NN,NOUN
squawking,VBG,VERB
son,NN,NOUN
meditating,VBG,VERB
mementos,NNS,NOUN
bloods,NNS,NOUN
revolutionary,JJ,ADJ
hacking,VBG,VERB
madrid,NN,NOUN
fats,NNS,NOUN
screaming,VBG,VERB
nuisance,NN,NOUN
hogan,NN,NOUN
tod,NN,NOUN
commandos,NN,NOUN
church,NN,NOUN
ecosystem,NN,NOUN
syndicate,NN,NOUN
blessing,NN,NOUN
finn,NN,NOUN
glitter,NN,NOUN
monkey,NN,NOUN
wobbles,NNS,NOUN
thud,NN,NOUN
kirk,NN,NOUN
whiff,NN,NOUN
plume,NN,NOUN
delta,NN,NOUN
biology,NN,NOUN
vitamin,NN,NOUN
ballistics,NNS,NOUN
testament,NN,NOUN
sergeant,NN,NOUN
cork,NN,NOUN
creative,JJ,ADJ
yow,NN,NOUN
courtside,NN,NOUN
presto,NN,NOUN
monsignor,NN,NOUN
sages,NNS,NOUN
download,NN,NOUN
damned,VBN,VERB
maryland,NN,NOUN
reruns,NNS,NOUN
fishy,NN,NOUN
felicity,NN,NOUN
relativity,NN,NOUN
basketball,NN,NOUN
misconceptions,NNS,NOUN
barren,NNS,NOUN
normandy,NN,NOUN
contraband,NN,NOUN
trenton,NN,NOUN
monterey,NN,NOUN
furlong,NN,NOUN
boy,NN,NOUN
coward,NN,NOUN
cambodian,NN,NOUN
university,NN,NOUN
stateside,NN,NOUN
chino,NN,NOUN
homunculus,NN,NOUN
brake,NN,NOUN
ragtime,NN,NOUN
tonic,NN,NOUN
vase,NN,NOUN
candies,NNS,NOUN
gorge,NN,NOUN
leather,NN,NOUN
kamikaze,NN,NOUN
bonkers,NNS,NOUN
liquors,NNS,NOUN
circumvent,NN,NOUN
shorts,NNS,NOUN
brutes,NNS,NOUN
korean,NN,NOUN
fourteen,NN,NOUN
vancomycin,NN,NOUN
radioman,NN,NOUN
trumpet,NN,NOUN
sleepover,NN,NOUN
techno,NN,NOUN
spinach,NN,NOUN
corporate,JJ,ADJ
stadium,NN,NOUN
noah,NN,NOUN
emmy,NN,NOUN
christine,NN,NOUN
demeanor,NN,NOUN
cassie,NN,NOUN
embarrass,NN,NOUN
milky,NN,NOUN
stork,NN,NOUN
kinetic,JJ,ADJ
feisty,NN,NOUN
passion,NN,NOUN
letterhead,NN,NOUN
severed,VBN,VERB
oil,NN,NOUN
toledo,NN,NOUN
mutton,NN,NOUN
melons,NNS,NOUN
heretics,NNS,NOUN
paranoid,NN,NOUN
tex,NN,NOUN
stiles,NNS,NOUN
synagogue,NN,NOUN
tortoise,NN,NOUN
demo,NN,NOUN
cad,NN,NOUN
budget,NN,NOUN
border,NN,NOUN
undercover,NN,NOUN
perp,NN,NOUN
construction,NN,NOUN
tailwind,NN,NOUN
pasture,NN,NOUN
stabbed,NN,NOUN
tony,NN,NOUN
tablecloths,NNS,NOUN
skiff,NN,NOUN
dusty,NN,NOUN
pilgrim,NN,NOUN
dainty,NN,NOUN
garlic,NN,NOUN
hoppy,JJ,ADJ
montreal,NN,NOUN
wolf,NN,NOUN
queasy,NN,NOUN
apothecary,JJ,ADJ
pegged,NN,NOUN
gawain,NN,NOUN
inappropriate,NN,NOUN
gauge,NN,NOUN
whipper,NN,NOUN
goldie,NN,NOUN
wallpaper,NN,NOUN
technically,RB,ADV
february,JJ,ADJ
humanitarian,JJ,ADJ
frisk,NN,NOUN
abduction,NN,NOUN
superconductors,NNS,NOUN
blimp,NN,NOUN
freddo,NN,NOUN
plains,NNS,NOUN
shindig,NN,NOUN
anxieties,NNS,NOUN
daffodils,NNS,NOUN
squeamish,NN,NOUN
labor,NN,NOUN
val,NN,NOUN
digger,NN,NOUN
pocketknife,NN,NOUN
scrawny,NN,NOUN
shaw,NN,NOUN
bleachers,NNS,NOUN
thriller,NN,NOUN
gizzard,NN,NOUN
bonsoir,NN,NOUN
columnist,NN,NOUN
chauffeur,NN,NOUN
luther,NN,NOUN
mashed,VBN,VERB
cedar,NN,NOUN
homesick,NN,NOUN
clerk,NN,NOUN
tiptoe,NN,NOUN
monorail,NN,NOUN
upstate,NN,NOUN
vices,NNS,NOUN
marcel,NN,NOUN
batch,NN,NOUN
needles,NNS,NOUN
roquefort,NN,NOUN
whiskers,NNS,NOUN
garland,NN,NOUN
exercised,VBN,VERB
george,NN,NOUN
interstate,NN,NOUN
marital,NN,NOUN
jerry,NN,NOUN
fallout,NN,NOUN
economy,NN,NOUN
odessa,NN,NOUN
mitts,NN,NOUN
dopers,NNS,NOUN
carpool,NN,NOUN
stanley,NN,NOUN
lymphoma,NN,NOUN
slop,NN,NOUN
sideways,NNS,NOUN
belie,NN,NOUN
pronto,NN,NOUN
otter,NN,NOUN
masochistic,JJ,ADJ
velocity,NN,NOUN
sterile,NN,NOUN
stuart,NN,NOUN
smelly,RB,ADV
cosmic,NN,NOUN
unexploded,JJ,ADJ
brandon,NN,NOUN
ions,NNS,NOUN
sparkling,VBG,VERB
dollies,NNS,NOUN
zealand,NN,NOUN
pupil,NN,NOUN
meringue,NN,NOUN
curfew,NN,NOUN
raisin,NN,NOUN
substantial,JJ,ADJ
bellies,NNS,NOUN
phew,NN,NOUN
surveillance,NN,NOUN
nebula,NN,NOUN
miracle,NN,NOUN
kernel,NNS,NOUN
forecastle,NN,NOUN
continental,NN,NOUN
duplicate,NN,NOUN
parthenon,NN,NOUN
bookies,NNS,NOUN
swampy,NN,NOUN
interrogating,VBG,VERB
whimsy,NN,NOUN
ogled,VBN,VERB
slob,NN,NOUN
kerchief,NN,NOUN
outbreak,NN,NOUN
galloway,NN,NOUN
manoeuvre,NN,NOUN
sammy,NN,NOUN
unquestionable,JJ,ADJ
scholarship,NN,NOUN
grandstanding,VBG,VERB
collier,NN,NOUN
fairy,NN,NOUN
ephraim,NN,NOUN
inferno,NN,NOUN
immortal,NN,NOUN
quai,NN,NOUN
qualifications,NNS,NOUN
lung,NN,NOUN
micky,NN,NOUN
spawn,NN,NOUN
martin,NN,NOUN
mesdames,NNS,NOUN
achievements,NNS,NOUN
judgement,NN,NOUN
oldie,NN,NOUN
truckload,NN,NOUN
eyesore,NN,NOUN
jay,NN,NOUN
chickening,VBG,VERB
sidebar,NN,NOUN
ducts,NNS,NOUN
rendezvous,JJ,ADJ
miffed,NN,NOUN
extraordinary,JJ,ADJ
scrolls,NNS,NOUN
gibson,NN,NOUN
potato,NN,NOUN
jake,NN,NOUN
constitutes,NNS,NOUN
binary,NN,NOUN
grenades,NNS,NOUN
antivenin,NN,NOUN
barbarians,NNS,NOUN
chuckles,NNS,NOUN
balm,NN,NOUN
condolences,NNS,NOUN
mara,NN,NOUN
grammar,NN,NOUN
multifaceted,VBN,VERB
newfound,NN,NOUN
flanking,VBG,VERB
receipt,NN,NOUN
deliverance,NN,NOUN
loner,NN,NOUN
hardcore,NN,NOUN
sanctimonious,JJ,ADJ
typewritten,NNS,NOUN
solidarity,NN,NOUN
booster,NN,NOUN
hump,NN,NOUN
eyeball,NN,NOUN
nonfat,NN,NOUN
berthing,NN,NOUN
obsolete,NN,NOUN
hinges,NNS,NOUN
venture,NN,NOUN
meadowlark,NN,NOUN
kitchen,NN,NOUN
cora,NNS,NOUN
louisiana,NN,NOUN
hotels,NNS,NOUN
ridiculously,RB,ADV
pawnee,NN,NOUN
unparalleled,JJ,ADJ
perky,NN,NOUN
alienist,NN,NOUN
wet,NN,NOUN
amputate,NN,NOUN
mach,NN,NOUN
vortex,NN,NOUN
dennis,NN,NOUN
muddy,NN,NOUN
instigator,NN,NOUN
cubicles,NNS,NOUN
swaggering,VBG,VERB
retired,VBN,VERB
businessmen,NNS,NOUN
ink,NN,NOUN
comedian,NN,NOUN
doris,NN,NOUN
pinched,VBN,VERB
karen,NNS,NOUN
fifteen,NN,NOUN
bead,NN,NOUN
cupboards,NNS,NOUN
unto,NN,NOUN
unbelievable,JJ,ADJ
joyous,JJ,ADJ
evils,NNS,NOUN
undomesticated,JJ,ADJ
bedside,NN,NOUN
jade,NN,NOUN
insurrection,NN,NOUN
remodeling,VBG,VERB
wedgies,NNS,NOUN
eons,NNS,NOUN
feminist,NN,NOUN
donald,NN,NOUN
elk,NN,NOUN
chronometer,NN,NOUN
turnip,NN,NOUN
mass,NN,NOUN
wattle,NN,NOUN
padre,NN,NOUN
gob,NN,NOUN
though,IN,OTHER
forthcoming,VBG,VERB
delaware,NN,NOUN
butchered,VBN,VERB
adorable,JJ,ADJ
loverly,RB,ADV
kingston,NN,NOUN
swordfish,NN,NOUN
ascending,VBG,VERB
miller,NN,NOUN
heck,NN,NOUN
punks,NNS,NOUN
hotshot,NN,NOUN
marketing,NN,NOUN
boots,NNS,NOUN
veronica,NN,NOUN
benched,VBN,VERB
cloud,NN,NOUN
crafty,NN,NOUN
ridley,NN,NOUN
forests,NNS,NOUN
banister,NN,NOUN
tardy,NN,NOUN
prosecuted,VBN,VERB
scowling,VBG,VERB
frolics,NNS,NOUN
sponges,NNS,NOUN
pathetic,JJ,ADJ
splinter,NN,NOUN
wartime,NN,NOUN
reich,NN,NOUN
polar,NN,NOUN
incision,NN,NOUN
sweater,NN,NOUN
waivers,NNS,NOUN
denial,NN,NOUN
suspended,VBN,VERB
unprotected,JJ,ADJ
tunis,NN,NOUN
graft,NN,NOUN
sequel,NN,NOUN
urchin,JJ,ADJ
mammal,NN,NOUN
clunk,NN,NOUN
daggers,NNS,NOUN
pastels,NNS,NOUN
paul,NN,NOUN
arks,NNS,NOUN
blindfold,NN,NOUN
lycanthrope,NN,NOUN
pear,NN,NOUN
moat,NN,NOUN
metronome,NN,NOUN
symposium,NN,NOUN
abner,NN,NOUN
watershed,VBN,VERB
funeral,JJ,ADJ
chores,NNS,NOUN
throwaway,NN,NOUN
granular,NN,NOUN
enchanted,VBN,VERB
burke,NN,NOUN
pansy,NN,NOUN
sixteenth,NN,NOUN
blink,NN,NOUN
drawers,NNS,NOUN
twist,NN,NOUN
tanker,NN,NOUN
alphanumeric,NN,NOUN
demons,NNS,NOUN
inanimate,NN,NOUN
placards,NNS,NOUN
baton,NN,NOUN
tollgate,NN,NOUN
kerosene,NN,NOUN
adversity,NN,NOUN
extraction,NN,NOUN
earring,VBG,VERB
shaft,NN,NOUN
junkyard,NN,NOUN
tick,NN,NOUN
hoss,NN,NOUN
stumble,JJ,ADJ
polka,NN,NOUN
bypass,NN,NOUN
loaf,NN,NOUN
torched,NNS,NOUN
dismount,NN,NOUN
crater,NN,NOUN
preposterous,JJ,ADJ
miscalculated,VBN,VERB
heiress,NN,NOUN
upward,RB,ADV
emerald,NN,NOUN
void,NN,NOUN
eyeglasses,NNS,NOUN
focus,NN,NOUN
squirm,NN,NOUN
confusing,VBG,VERB
artificially,RB,ADV
deer,NN,NOUN
pep,NN,NOUN
pillow,NN,NOUN
date,NN,NOUN
intimacy,NN,NOUN
relax,NN,NOUN
bludgeon,NN,NOUN
micro,NN,NOUN
pinnacles,NNS,NOUN
handsaw,NN,NOUN
wavy,NN,NOUN
insecticide,NN,NOUN
than,IN,OTHER
migrate,NN,NOUN
conceive,NN,NOUN
humbled,VBN,VERB
unique,NN,NOUN
separatists,NNS,NOUN
lapels,NNS,NOUN
sequence,NN,NOUN
arterial,JJ,ADJ
proceeded,VBD,VERB
swift,NN,NOUN
heller,NN,NOUN
thorn,NN,NOUN
fitch,NN,NOUN
sanctions,NNS,NOUN
enabled,VBN,VERB
varsity,NN,NOUN
anthem,NN,NOUN
prude,NN,NOUN
filthy,NN,NOUN
careless,NN,NOUN
mina,NN,NOUN
majestic,JJ,ADJ
bangkok,NN,NOUN
trashed,VBN,VERB
watery,NN,NOUN
enthusiasm,NN,NOUN
spear,NN,NOUN
latin,NN,NOUN
tic,JJ,ADJ
albanian,JJ,ADJ
salve,NN,NOUN
peelers,NNS,NOUN
cooking,NN,NOUN
necktie,NN,NOUN
swivel,NN,NOUN
assess,NN,NOUN
trapeze,NN,NOUN
palate,NN,NOUN
rubbish,NN,NOUN
voluntary,JJ,ADJ
wilson,NN,NOUN
sands,NNS,NOUN
paddles,NNS,NOUN
dunno,NN,NOUN
tethered,VBN,VERB
presidio,NN,NOUN
instilled,VBN,VERB
unstoppable,JJ,ADJ
escorts,NNS,NOUN
chippy,JJ,ADJ
acre,NN,NOUN
imbecile,NN,NOUN
personnel,NNS,NOUN
flashback,NN,NOUN
roberts,NNS,NOUN
schoolwork,NN,NOUN
crawley,NN,NOUN
getaway,NN,NOUN
latitude,NN,NOUN
reinforce,NN,NOUN
coerced,VBN,VERB
wrangle,NN,NOUN
goon,NN,NOUN
coronation,NN,NOUN
whiting,VBG,VERB
gregory,NN,NOUN
plagued,VBN,VERB
dwight,NN,NOUN
down,RB,ADV
hampshire,NN,NOUN
inland,NN,NOUN
milestone,NN,NOUN
poet,NN,NOUN
geographic,JJ,ADJ
equity,NN,NOUN
queen,NN,NOUN
closer,NN,NOUN
lunacy,NN,NOUN
installations,NNS,NOUN
cavendish,NN,NOUN
displaced,VBN,VERB
gulch,NN,NOUN
bookstore,NN,NOUN
overbite,NN,NOUN
horizon,NN,NOUN
halftime,NN,NOUN
skyway,NN,NOUN
brunch,NN,NOUN
nicks,NNS,NOUN
faulty,NN,NOUN
scope,NN,NOUN
nostrils,NNS,NOUN
mutilated,VBN,VERB
teenage,NN,NOUN
buckle,NN,NOUN
stickball,NN,NOUN
compounds,NNS,NOUN
mega,NN,NOUN
language,NN,NOUN
semper,NN,NOUN
fliers,NNS,NOUN
rotterdam,NN,NOUN
conqueror,NN,NOUN
upstairs,NNS,NOUN
blanch,NN,NOUN
kickoff,NN,NOUN
treason,NN,NOUN
seafood,NN,NOUN
movie,NN,NOUN
tad,NN,NOUN
wiretap,NN,NOUN
valour,NN,NOUN
bloated,VBN,VERB
brink,NN,NOUN
mast,NN,NOUN
inclusions,NNS,NOUN
unavailable,JJ,ADJ
solar,NN,NOUN
salvaging,VBG,VERB
innovative,JJ,ADJ
markers,NNS,NOUN
fritz,NN,NOUN
sigh,NN,NOUN
hydrochloric,NN,NOUN
loneliest,JJS,ADJ
lakes,NNS,NOUN
ricochets,NNS,NOUN
matches,NNS,NOUN
ubangi,NN,NOUN
assemblage,NN,NOUN
orderly,RB,ADV
hawking,VBG,VERB
aerospace,NN,NOUN
unreasonable,JJ,ADJ
vain,NN,NOUN
ashtray,NN,NOUN
slade,NN,NOUN
gulf,NN,NOUN
errands,NNS,NOUN
anatomy,NN,NOUN
ungrateful,JJ,ADJ
pantry,NN,NOUN
tucker,NN,NOUN
project,NN,NOUN
jolly,RB,ADV
blade,NN,NOUN
lanier,NN,NOUN
ruckus,NN,NOUN
entry,NN,NOUN
emory,NN,NOUN
doorway,NN,NOUN
synapse,NN,NOUN
throats,NNS,NOUN
contradicting,VBG,VERB
rocky,NN,NOUN
choppers,NNS,NOUN
sniffer,NN,NOUN
compassionate,NN,NOUN
reek,NN,NOUN
respectable,JJ,ADJ
alibis,NN,NOUN
electrocute,NN,NOUN
trapper,NN,NOUN
palette,NN,NOUN
fabulous,JJ,ADJ
carriers,NNS,NOUN
bearskin,NN,NOUN
arid,NN,NOUN
carriages,NNS,NOUN
amalgam,NN,NOUN
sphere,RB,ADV
conductor,NN,NOUN
careen,NN,NOUN
relapse,NN,NOUN
pints,NNS,NOUN
horribly,RB,ADV
kojima,NN,NOUN
derelict,NN,NOUN
soothe,NN,NOUN
cubits,NNS,NOUN
academic,JJ,ADJ
somewhat,RB,ADV
harsh,NN,NOUN
fry,NN,NOUN
impromptu,NN,NOUN
communion,NN,NOUN
logbook,NN,NOUN
stat,NN,NOUN
swollen,NN,NOUN
jig,NN,NOUN
consumption,NN,NOUN
beanstalk,NN,NOUN
peddle,NN,NOUN
dictionary,JJ,ADJ
peck,NN,NOUN
survival,NN,NOUN
unloading,VBG,VERB
diminished,VBN,VERB
choy,NN,NOUN
hum,NN,NOUN
arena,NN,NOUN
kinder,NN,NOUN
cartwright,NN,NOUN
beverage,NN,NOUN
babbling,NN,NOUN
republic,NN,NOUN
poppa,NN,NOUN
aggie,NN,NOUN
explicit,NN,NOUN
illuminated,VBN,VERB
headline,NN,NOUN
subtitle,NN,NOUN
grin,NN,NOUN
josephine,NN,NOUN
litters,NNS,NOUN
cat,NN,NOUN
herself,NN,NOUN
sulk,NN,NOUN
pealing,VBG,VERB
carey,NN,NOUN
creations,NNS,NOUN
saxon,NN,NOUN
oat,NN,NOUN
malfunctions,NNS,NOUN
palm,NN,NOUN
squeezed,VBN,VERB
delirious,JJ,ADJ
locker,NN,NOUN
whenever,NN,NOUN
vow,NN,NOUN
probes,NNS,NOUN
ornament,NN,NOUN
telegraph,NN,NOUN
individuals,NNS,NOUN
beloved,VBN,VERB
tagging,VBG,VERB
courtesy,NN,NOUN
benefactor,NN,NOUN
cavern,NN,NOUN
proof,NN,NOUN
silverware,NN,NOUN
backstretch,NN,NOUN
instincts,NNS,NOUN
gethsemane,NN,NOUN
rigid,JJ,ADJ
worshipped,VBD,VERB
backfired,VBN,VERB
whirring,VBG,VERB
crew,NN,NOUN
holiest,NN,NOUN
parker,NN,NOUN
killings,NNS,NOUN
sensitivity,NN,NOUN
engle,NN,NOUN
astral,JJ,ADJ
glorious,JJ,ADJ
illusions,NNS,NOUN
mangles,NNS,NOUN
clarke,NN,NOUN
conceited,VBN,VERB
helm,NN,NOUN
youngers,NNS,NOUN
strangler,NN,NOUN
fallow,NN,NOUN
lifeboat,NN,NOUN
unjustified,JJ,ADJ
starlight,NN,NOUN
hatcher,NN,NOUN
waist,NN,NOUN
wrestle,NN,NOUN
stowaways,NNS,NOUN
guttural,JJ,ADJ
nigh,JJ,ADJ
stocky,NN,NOUN
hood,NN,NOUN
perjury,NN,NOUN
crutches,NNS,NOUN
haunt,NN,NOUN
rhythm,NN,NOUN
flautist,NN,NOUN
ware,NN,NOUN
dwarf,NN,NOUN
surrealists,NNS,NOUN
railroads,NNS,NOUN
squadron,NN,NOUN
gall,NN,NOUN
gadget,NN,NOUN
fragrant,NN,NOUN
rupture,NN,NOUN
sprinklers,NNS,NOUN
faker,NN,NOUN
forgery,NN,NOUN
endure,NN,NOUN
smoky,NN,NOUN
these,DT,OTHER
jeans,NNS,NOUN
sweetness,NN,NOUN
frail,NN,NOUN
leadership,NN,NOUN
meted,VBN,VERB
documentaries,NNS,NOUN
buttons,NNS,NOUN
inferior,NN,NOUN
wandering,VBG,VERB
privacy,NN,NOUN
warrant,NN,NOUN
sexist,NN,NOUN
ling,VBG,VERB
dodging,VBG,VERB
syllable,JJ,ADJ
hypertension,NN,NOUN
humility,NN,NOUN
stale,NN,NOUN
instep,NN,NOUN
concerned,JJ,ADJ
concur,NN,NOUN
surname,NN,NOUN
bulls,NNS,NOUN
flawless,NN,NOUN
grossness,NN,NOUN
blume,NN,NOUN
momentarily,RB,ADV
steppe,NN,NOUN
marmoset,NN,NOUN
yikes,NNS,NOUN
complements,NNS,NOUN
errors,NNS,NOUN
interceptor,NN,NOUN
turnstile,NN,NOUN
tribute,NN,NOUN
battalion,NN,NOUN
protease,NN,NOUN
dearborn,NN,NOUN
cronies,NNS,NOUN
chug,NN,NOUN
quaint,NN,NOUN
griddle,NN,NOUN
scram,NN,NOUN
wails,NNS,NOUN
company,NN,NOUN
arms,NNS,NOUN
wage,NN,NOUN
bleeps,NNS,NOUN
beggar,NN,NOUN
hasan,NN,NOUN
demure,NN,NOUN
onset,NN,NOUN
speculate,NN,NOUN
erring,VBG,VERB
clock,NN,NOUN
antidote,NN,NOUN
onboard,NN,NOUN
pulverized,VBN,VERB
visor,NN,NOUN
setup,NN,NOUN
mailbox,NN,NOUN
rube,NN,NOUN
barbed,NN,NOUN
squalor,NN,NOUN
dowager,NN,NOUN
tomorrow,NN,NOUN
vision,NN,NOUN
thunder,NN,NOUN
cookout,NN,NOUN
jar,NN,NOUN
gigs,NNS,NOUN
reroute,NN,NOUN
barks,NNS,NOUN
nimble,JJ,ADJ
stiffs,NNS,NOUN
pore,NN,NOUN
laudanum,NN,NOUN
cooling,VBG,VERB
leisurely,RB,ADV
snuffy,NN,NOUN
patterns,NNS,NOUN
brachial,NN,NOUN
zira,NN,NOUN
tate,NN,NOUN
centimeters,NNS,NOUN
crass,NN,NOUN
everyone,NN,NOUN
conflict,NN,NOUN
olds,NNS,NOUN
buses,NNS,NOUN
vassar,NN,NOUN
socket,NN,NOUN
pale,NN,NOUN
inspection,NN,NOUN
hock,NN,NOUN
litigation,NN,NOUN
soliciting,VBG,VERB
yesterday,NN,NOUN
incident,NN,NOUN
catalogs,NNS,NOUN
dispensed,VBN,VERB
slices,NNS,NOUN
siege,NN,NOUN
jettison,NN,NOUN
conviction,NN,NOUN
cognizant,NN,NOUN
greener,NN,NOUN
mingle,NN,NOUN
twinge,NN,NOUN
tasks,NNS,NOUN
departures,NNS,NOUN
huffs,NNS,NOUN
suitcases,NNS,NOUN
ounce,NN,NOUN
readings,NNS,NOUN
lumps,NNS,NOUN
lovers,NNS,NOUN
studio,NN,NOUN
fate,NN,NOUN
booker,NN,NOUN
infield,NN,NOUN
crude,NN,NOUN
bliss,NN,NOUN
wholly,RB,ADV
arsonist,NN,NOUN
titled,VBN,VERB
scullery,NN,NOUN
riddles,NNS,NOUN
series,NN,NOUN
tempo,NN,NOUN
therapists,NNS,NOUN
unauthorized,JJ,ADJ
gist,NN,NOUN
policemen,NNS,NOUN
vicious,JJ,ADJ
ivories,NNS,NOUN
breath,NN,NOUN
flavors,NNS,NOUN
decreed,NN,NOUN
entity,NN,NOUN
inventor,NN,NOUN
voyage,NN,NOUN
templates,NNS,NOUN
pellets,NNS,NOUN
idea,NN,NOUN
reset,NN,NOUN
baking,NN,NOUN
sixth,NNS,NOUN
quarreled,VBN,VERB
brett,NN,NOUN
narrator,NN,NOUN
assets,NNS,NOUN
fists,NNS,NOUN
put,NN,NOUN
commonplace,NN,NOUN
notch,NN,NOUN
rope,NN,NOUN
nobility,NN,NOUN
beginners,NNS,NOUN
abject,NN,NOUN
gant,NN,NOUN
foggy,NN,NOUN
reactivate,NN,NOUN
assumption,NN,NOUN
dire,NN,NOUN
cates,NNS,NOUN
beds,NNS,NOUN
indecent,NN,NOUN
footage,NN,NOUN
struggle,NN,NOUN
reception,NN,NOUN
comeback,NN,NOUN
corned,VBN,VERB
chagrin,NN,NOUN
crushing,VBG,VERB
society,NN,NOUN
prudence,NN,NOUN
labels,NNS,NOUN
tack,NN,NOUN
rick,NN,NOUN
sharon,NN,NOUN
involuntary,JJ,ADJ
inexpensive,JJ,ADJ
sepulchre,NN,NOUN
rigged,VBN,VERB
crates,NNS,NOUN
aperitif,NN,NOUN
dumps,NNS,NOUN
restitution,NN,NOUN
compensating,VBG,VERB
preliminary,JJ,ADJ
portage,NN,NOUN
dearie,NN,NOUN
abide,NN,NOUN
staring,VBG,VERB
mettle,NN,NOUN
beware,NN,NOUN
choking,VBG,VERB
swooped,VBD,VERB
provisions,NNS,NOUN
imminent,NN,NOUN
byline,NN,NOUN
beeper,NN,NOUN
brannigan,NN,NOUN
oaths,NNS,NOUN
mel,NN,NOUN
donated,VBN,VERB
brag,NN,NOUN
cameras,NNS,NOUN
zeroed,NN,NOUN
abroad,RB,ADV
airbag,NN,NOUN
premium,NN,NOUN
highball,NN,NOUN
render,NN,NOUN
outlast,NN,NOUN
commissar,NN,NOUN
morph,NN,NOUN
flunk,NN,NOUN
fenders,NNS,NOUN
complimented,VBN,VERB
windy,NN,NOUN
canisters,NNS,NOUN
rakish,NN,NOUN
probation,NN,NOUN
folder,NN,NOUN
buddy,NN,NOUN
act,NN,NOUN
disbarred,VBN,VERB
rehash,NN,NOUN
thin,NN,NOUN
regardless,RB,ADV
ringers,NNS,NOUN
tread,NN,NOUN
disappoint,NN,NOUN
inspired,VBN,VERB
veda,NN,NOUN
mauler,NN,NOUN
rover,NN,NOUN
seton,NN,NOUN
hail,NN,NOUN
stack,NN,NOUN
texture,NN,NOUN
bilges,NNS,NOUN
smith,NN,NOUN
probabilities,NNS,NOUN
county,NN,NOUN
farming,VBG,VERB
mythic,JJ,ADJ
writ,NN,NOUN
overman,NN,NOUN
vest,NN,NOUN
summoned,VBN,VERB
investigation,NN,NOUN
shirts,NNS,NOUN
slapping,VBG,VERB
recuperative,NN,NOUN
holdup,NN,NOUN
seder,NN,NOUN
wildly,RB,ADV
midsection,NN,NOUN
garbled,VBN,VERB
tautology,NN,NOUN
zurich,NN,NOUN
healthy,JJ,ADJ
underlay,NN,NOUN
evaluate,NN,NOUN
pursuit,NN,NOUN
coincide,NN,NOUN
drip,NN,NOUN
sniveling,VBG,VERB
palaces,NNS,NOUN
sensors,NNS,NOUN
beings,NNS,NOUN
practicing,VBG,VERB
creak,NN,NOUN
spontaneous,JJ,ADJ
navigate,NN,NOUN
nickname,NN,NOUN
immensely,RB,ADV
cordillera,NN,NOUN
defenceless,NN,NOUN
dosed,VBN,VERB
permissible,JJ,ADJ
leans,NNS,NOUN
afternoons,NNS,NOUN
coordinate,NN,NOUN
rods,NNS,NOUN
brass,NN,NOUN
cleansed,VBN,VERB
precisely,RB,ADV
reaffirmed,VBN,VERB
eliminates,NNS,NOUN
daunting,VBG,VERB
clenched,NNS,NOUN
pax,NN,NOUN
armies,NNS,NOUN
unction,NN,NOUN
accomplice,NN,NOUN
rump,NN,NOUN
clannish,NN,NOUN
persistence,NN,NOUN
shorthanded,VBD,VERB
phenobarbital,NN,NOUN
stickup,NN,NOUN
treaties,NNS,NOUN
peruse,NN,NOUN
connie,NN,NOUN
transfusion,NN,NOUN
scoot,NN,NOUN
deserted,VBN,VERB
telegram,NN,NOUN
duly,NN,NOUN
revitalize,VB,VERB
carvings,NNS,NOUN
twin,NN,NOUN
marc,NN,NOUN
pander,NN,NOUN
bauble,JJ,ADJ
bits,NNS,NOUN
hysteria,NN,NOUN
talents,NNS,NOUN
obsessing,VBG,VERB
replica,NN,NOUN
candid,NN,NOUN
reassignment,NN,NOUN
empires,NNS,NOUN
manacled,VBN,VERB
clanking,VBG,VERB
straighten,NN,NOUN
glendale,NN,NOUN
doling,VBG,VERB
embark,NN,NOUN
grains,NNS,NOUN
inhibitions,NNS,NOUN
wipe,NN,NOUN
winner,NN,NOUN
mumbling,VBG,VERB
transposed,VBN,VERB
lode,NN,NOUN
wounded,VBD,VERB
showdown,NN,NOUN
franchise,NN,NOUN
strike,NN,NOUN
prey,NN,NOUN
unity,NN,NOUN
crooks,NNS,NOUN
mat,NN,NOUN
dwell,NN,NOUN
sealed,VBN,VERB
midterm,NN,NOUN
spanner,NN,NOUN
aptitude,NN,NOUN
plant,NN,NOUN
ditch,NN,NOUN
defrauded,VBN,VERB
asleep,NN,NOUN
ramson,NN,NOUN
separated,VBN,VERB
victories,NNS,NOUN
false,JJ,ADJ
florins,NNS,NOUN
cordless,NN,NOUN
craziest,NN,NOUN
leniency,NN,NOUN
inquiry,NN,NOUN
roughly,RB,ADV
physical,JJ,ADJ
lifelong,NN,NOUN
urgency,NN,NOUN
crimes,NNS,NOUN
quitters,NNS,NOUN
weeps,NNS,NOUN
lifestyle,NN,NOUN
flatter,NN,NOUN
takeover,NN,NOUN
just,RB,ADV
bilking,NN,NOUN
penchant,NN,NOUN
superiors,NNS,NOUN
discourage,NN,NOUN
assailant,NN,NOUN
length,NN,NOUN
packing,VBG,VERB
exclusion,NN,NOUN
under,IN,OTHER
drains,NNS,NOUN
inscription,NN,NOUN
daybreak,NN,NOUN
hamper,NN,NOUN
specifically,RB,ADV
fend,NN,NOUN
everyday,NN,NOUN
already,RB,ADV
befriend,NN,NOUN
methodologies,NNS,NOUN
gables,NNS,NOUN
baseline,NN,NOUN
anew,NN,NOUN
chopping,VBG,VERB
somber,NN,NOUN
bruising,NN,NOUN
hanging,VBG,VERB
terribly,RB,ADV
unruly,RB,ADV
knuckles,NNS,NOUN
increasing,VBG,VERB
invaders,NNS,NOUN
gifts,NNS,NOUN
vindictive,NN,NOUN
booming,VBG,VERB
soaked,VBN,VERB
checkup,NN,NOUN
conferences,NNS,NOUN
hijacking,VBG,VERB
sketches,NNS,NOUN
scheming,VBG,VERB
allotted,VBN,VERB
hence,NN,NOUN
clatters,NNS,NOUN
airs,NNS,NOUN
into,IN,OTHER
underline,NN,NOUN
clues,NNS,NOUN
pitcher,NN,NOUN
realm,NN,NOUN
prognosis,NN,NOUN
gloating,VBG,VERB
submerging,VBG,VERB
warm,NN,NOUN
sunlight,NN,NOUN
exteriors,NNS,NOUN
significance,NN,NOUN
clod,NN,NOUN
deterioration,NN,NOUN
fluctuations,NNS,NOUN
caressed,VBN,VERB
photos,NNS,NOUN
gunnel,NNS,NOUN
perturbed,NN,NOUN
hours,NNS,NOUN
approximate,NN,NOUN
temper,NN,NOUN
discard,NN,NOUN
rejecting,VBG,VERB
reversing,VBG,VERB
obstruction,NN,NOUN
pliable,JJ,ADJ
punctured,VBN,VERB
culture,NN,NOUN
basics,NNS,NOUN
untie,NN,NOUN
debating,VBG,VERB
lest,JJS,ADJ
sacrificing,VBG,VERB
start,NN,NOUN
sign,NN,NOUN
four,CD,OTHER
extremely,RB,ADV
unmistakable,JJ,ADJ
dispose,NN,NOUN
status,NN,NOUN
untimely,RB,ADV
absolve,NN,NOUN
deline,NN,NOUN
strength,NN,NOUN
ruffling,VBG,VERB
mispronounce,NN,NOUN
fans,NNS,NOUN
clutters,NNS,NOUN
wallow,NN,NOUN
dreary,JJ,ADJ
stranded,VBD,VERB
absent,NN,NOUN
jing,NN,NOUN
aircraft,NN,NOUN
skies,NNS,NOUN
shot,NN,NOUN
forth,NN,NOUN
shade,NN,NOUN
pleasures,NNS,NOUN
intangibility,NN,NOUN
bland,NN,NOUN
mantua,NN,NOUN
methodical,JJ,ADJ
displays,NNS,NOUN
flatten,NNS,NOUN
equivalent,NN,NOUN
torment,NN,NOUN
slew,NN,NOUN
entrance,NN,NOUN
particular,JJ,ADJ
gutless,NN,NOUN
vocational,JJ,ADJ
serialize,VB,VERB
contrition,NN,NOUN
rid,JJ,ADJ
sensible,JJ,ADJ
unchecked,JJ,ADJ
defacing,VBG,VERB
uptight,JJ,ADJ
regrettable,JJ,ADJ
emotion,NN,NOUN
pesky,NN,NOUN
clothing,NN,NOUN
flung,NN,NOUN
reclining,VBG,VERB
stunningly,RB,ADV
brant,NN,NOUN
deluded,VBN,VERB
spun,NN,NOUN
digit,NN,NOUN
delightful,NN,NOUN
unison,NN,NOUN
policies,NNS,NOUN
halt,NN,NOUN
exhale,NN,NOUN
hurt,NN,NOUN
district,NN,NOUN
skipped,VBD,VERB
accumulating,VBG,VERB
theaters,NNS,NOUN
netted,VBN,VERB
fore,NN,NOUN
endanger,NN,NOUN
latimer,NN,NOUN
badge,NN,NOUN
fresh,JJ,ADJ
pang,NN,NOUN
sank,NN,NOUN
talk,NN,NOUN
countless,NN,NOUN
duration,NN,NOUN
helpless,NN,NOUN
novelty,NN,NOUN
picket,NN,NOUN
impure,NN,NOUN
parts,NNS,NOUN
fit,NN,NOUN
revue,NN,NOUN
reflective,NN,NOUN
interfering,VBG,VERB
surely,RB,ADV
glowing,VBG,VERB
player,NN,NOUN
half,NN,NOUN
bound,NN,NOUN
eighty,NN,NOUN
burden,NN,NOUN
signals,NNS,NOUN
smacked,VBN,VERB
conforms,NNS,NOUN
reseda,NN,NOUN
exposing,VBG,VERB
retract,NN,NOUN
desire,NN,NOUN
higher,JJR,ADJ
humoured,VBN,VERB
ripping,VBG,VERB
insolent,NN,NOUN
secure,NN,NOUN
superb,NN,NOUN
abundantly,RB,ADV
dislocated,VBN,VERB
persecutions,NNS,NOUN
praising,VBG,VERB
scold,NN,NOUN
runs,NNS,NOUN
mixing,VBG,VERB
urges,NNS,NOUN
doubts,NNS,NOUN
tyler,NN,NOUN
dislike,NN,NOUN
until,IN,OTHER
exact,NN,NOUN
oncoming,VBG,VERB
heaps,NNS,NOUN
recalled,VBN,VERB
unpick,JJ,ADJ
reconsider,NN,NOUN
harbored,VBN,VERB
utmost,NN,NOUN
perhaps,RB,ADV
cope,NN,NOUN
chart,NN,NOUN
chancery,NN,NOUN
fluently,RB,ADV
unfold,JJ,ADJ
brilliant,NN,NOUN
unshakable,JJ,ADJ
problem,NN,NOUN
softest,NN,NOUN
lifter,NN,NOUN
riled,VBN,VERB
losing,VBG,VERB
someday,NN,NOUN
comings,NNS,NOUN
refueled,VBN,VERB
propensity,NN,NOUN
event,NN,NOUN
shrike,NN,NOUN
majoring,VBG,VERB
instance,NN,NOUN
tremble,JJ,ADJ
wager,NN,NOUN
every,DT,OTHER
belt,NN,NOUN
predicament,NN,NOUN
concepts,NNS,NOUN
valley,NN,NOUN
returned,VBN,VERB
exposition,NN,NOUN
captors,NNS,NOUN
staffer,NN,NOUN
potentially,RB,ADV
apiece,RB,ADV
played,NNS,NOUN
discussions,NNS,NOUN
towns,NNS,NOUN
portrait,NN,NOUN
foreboding,VBG,VERB
imperative,NN,NOUN
longs,NNS,NOUN
burundi,NN,NOUN
engulf,NN,NOUN
alarms,NNS,NOUN
tones,NNS,NOUN
recharge,NN,NOUN
cuts,NNS,NOUN
riga,NN,NOUN
prone,NN,NOUN
sorrow,NN,NOUN
forced,VBN,VERB
outcome,NN,NOUN
unofficial,JJ,ADJ
roller,NN,NOUN
export,NN,NOUN
educate,NN,NOUN
betrayer,NN,NOUN
viewing,VBG,VERB
argue,NN,NOUN
addition,NN,NOUN
throw,NN,NOUN
manner,NN,NOUN
taped,NNS,NOUN
techniques,NNS,NOUN
cohesion,NN,NOUN
bickering,NN,NOUN
overdo,NN,NOUN
topnotch,NN,NOUN
correctly,RB,ADV
sudden,JJ,ADJ
oldest,JJS,ADJ
inter,NN,NOUN
opposed,VBN,VERB
fuss,NN,NOUN
soon,RB,ADV
note,NN,NOUN
waved,VBD,VERB
wondrous,JJ,ADJ
disaster,NN,NOUN
disclose,VB,VERB
beheld,NN,NOUN
verge,NN,NOUN
afterward,RB,ADV
decks,NNS,NOUN
ideals,NNS,NOUN
routine,NN,NOUN
unveiling,VBG,VERB
shatters,NNS,NOUN
attempt,NN,NOUN
repeal,NN,NOUN
almost,RB,ADV
round,NN,NOUN
indistinctly,RB,ADV
triple,NN,NOUN
tales,NNS,NOUN
juncture,NN,NOUN
sang,NN,NOUN
unharmed,JJ,ADJ
massive,JJ,ADJ
boiled,VBN,VERB
connects,NNS,NOUN
riding,VBG,VERB
hints,NNS,NOUN
managing,VBG,VERB
advantages,NNS,NOUN
layout,NN,NOUN
spot,NN,NOUN
empowering,VBG,VERB
formal,JJ,ADJ
spoke,NN,NOUN
reboard,NN,NOUN
seldom,NN,NOUN
scrawled,VBN,VERB
excused,VBN,VERB
inability,NN,NOUN
those,DT,OTHER
duties,NNS,NOUN
waking,VBG,VERB
commotion,NN,NOUN
little,JJ,ADJ
sell,NN,NOUN
intrusion,NN,NOUN
statements,NNS,NOUN
aconitum,NN,NOUN
fortunes,NNS,NOUN
rowed,NN,NOUN
give,VB,VERB
numerous,JJ,ADJ
still,RB,ADV
assign,NN,NOUN
terms,NNS,NOUN
sefton,NN,NOUN
rates,NNS,NOUN
improper,NN,NOUN
must,MD,OTHER
sworn,NN,NOUN
deflate,NN,NOUN
unheard,JJ,ADJ
repressing,VBG,VERB
truce,NN,NOUN
irrational,JJ,ADJ
replace,VB,VERB
bag,NN,NOUN
unspeakably,RB,ADV
examining,VBG,VERB
characterized,VBN,VERB
constantly,RB,ADV
life,NN,NOUN
picturing,VBG,VERB
better,RBR,ADV
basis,NN,NOUN
hold,NN,NOUN
assertion,NN,NOUN
blaster,NN,NOUN
such,JJ,ADJ
leave,VB,VERB
heeded,VBD,VERB
obstinate,NN,NOUN
contrived,VBN,VERB
costly,JJ,ADJ
graceful,NN,NOUN
faintest,NN,NOUN
soundly,RB,ADV
somehow,NN,NOUN
passable,JJ,ADJ
frown,NN,NOUN
cutdown,NN,NOUN
become,NN,NOUN
presence,NN,NOUN
midnight,NN,NOUN
presiding,VBG,VERB
clashing,VBG,VERB
expression,NN,NOUN
last,JJ,ADJ
raised,VBN,VERB
healed,VBN,VERB
ranked,NNS,NOUN
remained,VBD,VERB
besides,IN,OTHER
describe,NN,NOUN
furosemide,NN,NOUN
prefer,NN,NOUN
reshape,NN,NOUN
establishing,VBG,VERB
extend,NN,NOUN
afford,NN,NOUN
confine,NN,NOUN
enjoys,NNS,NOUN
reluctance,NN,NOUN
transpired,VBN,VERB
remind,NN,NOUN
handing,VBG,VERB
fought,NN,NOUN
lacks,NNS,NOUN
among,IN,OTHER
offer,NN,NOUN
